{
  "commodity": "gold",
  "current_price": 3333.5,
  "predictions": [],
  "explanation": "Unable to generate explanations due to missing feature data.",
  "feature_importance": [],
  "visualization_data": {
    "historical": [
      {
        "date": "2025-06-09",
        "price": 3332.10009765625
      },
      {
        "date": "2025-06-10",
        "price": 3320.89990234375
      },
      {
        "date": "2025-06-11",
        "price": 3321.300048828125
      },
      {
        "date": "2025-06-12",
        "price": 3380.89990234375
      },
      {
        "date": "2025-06-13",
        "price": 3431.199951171875
      },
      {
        "date": "2025-06-16",
        "price": 3396.39990234375
      },
      {
        "date": "2025-06-17",
        "price": 3386.60009765625
      },
      {
        "date": "2025-06-18",
        "price": 3389.800048828125
      },
      {
        "date": "2025-06-20",
        "price": 3368.10009765625
      },
      {
        "date": "2025-06-23",
        "price": 3377.699951171875
      },
      {
        "date": "2025-06-24",
        "price": 3317.39990234375
      },
      {
        "date": "2025-06-25",
        "price": 3327.10009765625
      },
      {
        "date": "2025-06-26",
        "price": 3333.5
      },
      {
        "date": "2025-06-27",
        "price": 3273.699951171875
      },
      {
        "date": "2025-06-30",
        "price": 3294.39990234375
      },
      {
        "date": "2025-07-01",
        "price": 3336.699951171875
      },
      {
        "date": "2025-07-02",
        "price": 3348.0
      },
      {
        "date": "2025-07-03",
        "price": 3331.60009765625
      },
      {
        "date": "2025-07-06",
        "price": 3333.5
      }
    ],
    "forecast": [],
    "chart_config": {
      "title": "Price Forecast",
      "x_axis_label": "Date",
      "y_axis_label": "Price",
      "historical_color": "#1f77b4",
      "forecast_color": "#ff7f0e",
      "confidence_color": "rgba(255, 127, 14, 0.2)"
    }
  },
  "generated_at": "2025-07-07T06:37:23Z",
  "metadata": {
    "commodity": "gold",
    "days_back": 30,
    "forecast_days": 60,
    "run_timestamp": "2025-07-07T06:37:23.508115"
  }
}